{
    "parent": "item/handheld2",
    "textures": {
        "layer0": "items/diamond_sword"
	},
	
	"overrides": [
		{"predicate": {"custom_model_data":10000001}, "model": "item/diamond_sword/charged_sword"},
		{"predicate": {"custom_model_data":10000011}, "model": "item/diamond_sword/daito_ghost"},
		{"predicate": {"custom_model_data":10000021}, "model": "item/diamond_sword/blade_diamond"},
		{"predicate": {"custom_model_data":10000031}, "model": "item/diamond_sword/blue_powersword"},
		{"predicate": {"custom_model_data":10000041}, "model": "item/diamond_sword/conqueror"},
		{"predicate": {"custom_model_data":10000051}, "model": "item/diamond_sword/daito_diamond"},
		{"predicate": {"custom_model_data":10000061}, "model": "item/diamond_sword/diamond_scimitar"},
		{"predicate": {"custom_model_data":10000071}, "model": "item/diamond_sword/doombinder"},
		{"predicate": {"custom_model_data":10000081}, "model": "item/diamond_sword/frostward"},
		{"predicate": {"custom_model_data":10000091}, "model": "item/diamond_sword/glass_greatsword"},
		{"predicate": {"custom_model_data":10000101}, "model": "item/diamond_sword/green_powersword"},
		{"predicate": {"custom_model_data":10000111}, "model": "item/diamond_sword/lich_sword"},
		{"predicate": {"custom_model_data":10000121}, "model": "item/diamond_sword/lightsaber_blue"},
		{"predicate": {"custom_model_data":10000131}, "model": "item/diamond_sword/lightsaber_green"},
		{"predicate": {"custom_model_data":10000141}, "model": "item/diamond_sword/lightsaber_purple"},
		{"predicate": {"custom_model_data":10000151}, "model": "item/diamond_sword/lightsaber_red"},
		{"predicate": {"custom_model_data":10000161}, "model": "item/diamond_sword/long_sword_diamond"},
		{"predicate": {"custom_model_data":10000171}, "model": "item/diamond_sword/necrolight"},
		{"predicate": {"custom_model_data":10000181}, "model": "item/diamond_sword/nightmare"},
		{"predicate": {"custom_model_data":10000191}, "model": "item/diamond_sword/red_powersword"},
		{"predicate": {"custom_model_data":10000201}, "model": "item/diamond_sword/reqiuem"},
		{"predicate": {"custom_model_data":10000211}, "model": "item/diamond_sword/saber_diamond"},
		{"predicate": {"custom_model_data":10000221}, "model": "item/diamond_sword/serenity"},
		{"predicate": {"custom_model_data":10000231}, "model": "item/diamond_sword/soulshard"},
		{"predicate": {"custom_model_data":10000241}, "model": "item/diamond_sword/steel_gladius"},
		{"predicate": {"custom_model_data":10000251}, "model": "item/diamond_sword/tempered_sword"},
		{"predicate": {"custom_model_data":10000261}, "model": "item/diamond_sword/the_master_sword"},
		{"predicate": {"custom_model_data":10000271}, "model": "item/diamond_sword/windweaver"},
		{"predicate": {"custom_model_data":10000281}, "model": "item/diamond_sword/yellow_powersword"}
	]
}