{
    "parent": "item/handheld2",
    "textures": {
        "layer0": "items/gold_sword"
	},
	
	"overrides": [
		{"predicate": {"custom_model_data":10001001}, "model": "item/golden_sword/blade_gold"},
		{"predicate": {"custom_model_data":10001011}, "model": "item/golden_sword/ceremonial_gladius"},
		{"predicate": {"custom_model_data":10001021}, "model": "item/golden_sword/daito_gold"},
		{"predicate": {"custom_model_data":10001031}, "model": "item/golden_sword/golden_scimitar"},
		{"predicate": {"custom_model_data":10001041}, "model": "item/golden_sword/jian_longsword"},
		{"predicate": {"custom_model_data":10001051}, "model": "item/golden_sword/long_sword_gold"},
		{"predicate": {"custom_model_data":10001061}, "model": "item/golden_sword/saber_gold"},
		{"predicate": {"custom_model_data":10001071}, "model": "item/golden_sword/sunshard"},
		{"predicate": {"custom_model_data":10001081}, "model": "item/golden_sword/the_golden_sword"}
	]
}