{
	"credit": "Credit: Oran9eUtan, Ontvlambaar",
	"textures": {
		"0": "block/yellow_terracotta",
		"1": "block/yellow_concrete",
		"2": "block/redstone_lamp_on",
		"3": "block/black_terracotta",
		"particle": "block/yellow_terracotta"
	},
	"elements": [
		{
			"name": "mining_helmet13",
			"from": [4, 8, -5],
			"to": [12, 10, -2],
			"faces": {
				"north": {"uv": [4.96, 0.96, 7.04, 3.04], "texture": "#1"},
				"east": {"uv": [4.96, 0.96, 7.04, 3.04], "texture": "#1"},
				"south": {"uv": [0, 0, 0, 0], "texture": "#1"},
				"west": {"uv": [4.96, 0.96, 7.04, 3.04], "texture": "#1"},
				"up": {"uv": [4.96, 0.96, 7.04, 3.04], "rotation": 180, "texture": "#1"},
				"down": {"uv": [4.96, 0.96, 7.04, 3.04], "rotation": 180, "texture": "#1"}
			}
		},
		{
			"name": "mining_helmet30",
			"from": [7, 11, -1],
			"to": [9, 12, 0],
			"faces": {
				"south": {"uv": [4.96, 0.96, 7.04, 3.04], "texture": "#missing"}
			}
		},
		{
			"name": "mining_helmet37",
			"from": [6, 11, -1],
			"to": [7, 12, 0],
			"faces": {
				"south": {"uv": [8.96, 0.96, 11.04, 3.04], "texture": "#missing"}
			}
		},
		{
			"name": "mining_helmet42",
			"from": [4, 11, -1],
			"to": [12, 12, 0],
			"faces": {
				"north": {"uv": [4.96, 0.96, 7.04, 3.04], "texture": "#1"},
				"east": {"uv": [4.96, 0.96, 7.04, 3.04], "texture": "#1"},
				"south": {"uv": [4.96, 0.96, 7.04, 3.04], "texture": "#1"},
				"west": {"uv": [4.96, 0.96, 7.04, 3.04], "texture": "#1"},
				"up": {"uv": [4.96, 0.96, 7.04, 3.04], "rotation": 180, "texture": "#1"},
				"down": {"uv": [0, 0, 0, 0], "texture": "#1"}
			}
		},
		{
			"name": "mining_helmet16",
			"from": [11, 14, -6],
			"to": [12, 17.2, -5],
			"rotation": {"angle": 45, "axis": "x", "origin": [8, 7, 0]},
			"faces": {
				"north": {"uv": [0.96, 4.96, 3.04, 7.04], "texture": "#0"},
				"east": {"uv": [0.96, 4.96, 3.04, 7.04], "texture": "#0"},
				"south": {"uv": [0, 0, 0, 0], "texture": "#0"},
				"west": {"uv": [0.96, 4.96, 3.04, 7.04], "texture": "#0"},
				"up": {"uv": [0.96, 4.96, 3.04, 7.04], "rotation": 180, "texture": "#0"},
				"down": {"uv": [0, 0, 0, 0], "texture": "#0"}
			}
		},
		{
			"name": "mining_helmet36",
			"from": [7, 18, 3],
			"to": [9, 18.5, 14.3],
			"faces": {
				"north": {"uv": [0.96, 4.96, 3.04, 7.04], "texture": "#0"},
				"east": {"uv": [0.96, 4.96, 3.04, 7.04], "texture": "#0"},
				"south": {"uv": [0.96, 4.96, 3.04, 7.04], "texture": "#0"},
				"west": {"uv": [0.96, 4.96, 3.04, 7.04], "texture": "#0"},
				"up": {"uv": [0.96, 4.96, 3.04, 7.04], "rotation": 180, "texture": "#0"},
				"down": {"uv": [0, 0, 0, 0], "texture": "#0"}
			}
		},
		{
			"name": "mining_helmet32",
			"from": [7, 14, -6],
			"to": [9, 17.2, -5],
			"rotation": {"angle": 45, "axis": "x", "origin": [8, 7, 0]},
			"faces": {
				"north": {"uv": [0.96, 4.96, 3.04, 7.04], "texture": "#0"},
				"east": {"uv": [0.96, 4.96, 3.04, 7.04], "texture": "#0"},
				"south": {"uv": [0, 0, 0, 0], "texture": "#0"},
				"west": {"uv": [0.96, 4.96, 3.04, 7.04], "texture": "#0"},
				"up": {"uv": [0.96, 4.96, 3.04, 7.04], "rotation": 180, "texture": "#0"},
				"down": {"uv": [0, 0, 0, 0], "texture": "#0"}
			}
		},
		{
			"name": "mining_helmet46",
			"from": [4, 12, 7],
			"to": [5, 13, 10.2],
			"rotation": {"angle": -45, "axis": "x", "origin": [8, 7, 0]},
			"faces": {
				"north": {"uv": [0, 0, 0, 0], "rotation": 180, "texture": "#0"},
				"east": {"uv": [0.96, 4.96, 3.04, 7.04], "rotation": 270, "texture": "#0"},
				"south": {"uv": [0.96, 4.96, 3.04, 7.04], "rotation": 180, "texture": "#0"},
				"west": {"uv": [0.96, 4.96, 3.04, 7.04], "rotation": 90, "texture": "#0"},
				"up": {"uv": [0.96, 4.96, 3.04, 7.04], "rotation": 180, "texture": "#0"},
				"down": {"uv": [0, 0, 0, 0], "texture": "#0"}
			}
		},
		{
			"name": "mining_helmet49",
			"from": [4, 18, 3],
			"to": [5, 18.5, 14.3],
			"faces": {
				"north": {"uv": [0.96, 4.96, 3.04, 7.04], "texture": "#0"},
				"east": {"uv": [0.96, 4.96, 3.04, 7.04], "texture": "#0"},
				"south": {"uv": [0.96, 4.96, 3.04, 7.04], "texture": "#0"},
				"west": {"uv": [0.96, 4.96, 3.04, 7.04], "texture": "#0"},
				"up": {"uv": [0.96, 4.96, 3.04, 7.04], "rotation": 180, "texture": "#0"},
				"down": {"uv": [0, 0, 0, 0], "texture": "#0"}
			}
		},
		{
			"name": "mining_helmet19",
			"from": [11, 18, 3],
			"to": [12, 18.5, 14.3],
			"faces": {
				"north": {"uv": [0.96, 4.96, 3.04, 7.04], "texture": "#0"},
				"east": {"uv": [0.96, 4.96, 3.04, 7.04], "texture": "#0"},
				"south": {"uv": [0.96, 4.96, 3.04, 7.04], "texture": "#0"},
				"west": {"uv": [0.96, 4.96, 3.04, 7.04], "texture": "#0"},
				"up": {"uv": [0.96, 4.96, 3.04, 7.04], "rotation": 180, "texture": "#0"},
				"down": {"uv": [0, 0, 0, 0], "texture": "#0"}
			}
		},
		{
			"name": "mining_helmet50",
			"from": [11, 15, 18],
			"to": [12, 16.6, 19],
			"rotation": {"angle": -22.5, "axis": "x", "origin": [15, 6, 12]},
			"faces": {
				"north": {"uv": [0, 0, 0, 0], "texture": "#0"},
				"east": {"uv": [0.96, 4.96, 3.04, 7.04], "texture": "#0"},
				"south": {"uv": [0.96, 4.96, 3.04, 7.04], "texture": "#0"},
				"west": {"uv": [0.96, 4.96, 3.04, 7.04], "texture": "#0"},
				"up": {"uv": [0.96, 4.96, 3.04, 7.04], "rotation": 180, "texture": "#0"},
				"down": {"uv": [0, 0, 0, 0], "texture": "#0"}
			}
		},
		{
			"name": "mining_helmet49",
			"from": [7, 15, 18],
			"to": [9, 16.6, 19],
			"rotation": {"angle": -22.5, "axis": "x", "origin": [11, 6, 12]},
			"faces": {
				"north": {"uv": [0, 0, 0, 0], "texture": "#0"},
				"east": {"uv": [0.96, 4.96, 3.04, 7.04], "texture": "#0"},
				"south": {"uv": [0.96, 4.96, 3.04, 7.04], "texture": "#0"},
				"west": {"uv": [0.96, 4.96, 3.04, 7.04], "texture": "#0"},
				"up": {"uv": [0.96, 4.96, 3.04, 7.04], "rotation": 180, "texture": "#0"},
				"down": {"uv": [0, 0, 0, 0], "texture": "#0"}
			}
		},
		{
			"name": "mining_helmet48",
			"from": [4, 15, 18],
			"to": [5, 16.6, 19],
			"rotation": {"angle": -22.5, "axis": "x", "origin": [8, 6, 12]},
			"faces": {
				"north": {"uv": [0, 0, 0, 0], "texture": "#0"},
				"east": {"uv": [0.96, 4.96, 3.04, 7.04], "texture": "#0"},
				"south": {"uv": [0.96, 4.96, 3.04, 7.04], "texture": "#0"},
				"west": {"uv": [0.96, 4.96, 3.04, 7.04], "texture": "#0"},
				"up": {"uv": [0.96, 4.96, 3.04, 7.04], "rotation": 180, "texture": "#0"},
				"down": {"uv": [0, 0, 0, 0], "texture": "#0"}
			}
		},
		{
			"name": "mining_helmet5",
			"from": [1, 8, -2],
			"to": [15, 10, 1],
			"faces": {
				"north": {"uv": [4.96, 0.96, 7.04, 3.04], "texture": "#1"},
				"east": {"uv": [4.96, 0.96, 7.04, 3.04], "texture": "#1"},
				"south": {"uv": [0, 0, 0, 0], "texture": "#1"},
				"west": {"uv": [4.96, 0.96, 7.04, 3.04], "texture": "#1"},
				"up": {"uv": [4.96, 0.96, 7.04, 3.04], "rotation": 180, "texture": "#1"},
				"down": {"uv": [4.96, 0.96, 7.04, 3.04], "rotation": 180, "texture": "#1"}
			}
		},
		{
			"name": "mining_helmet9",
			"from": [0, 10, 2],
			"to": [16, 16, 14],
			"faces": {
				"north": {"uv": [4.96, 0.96, 7.04, 3.04], "texture": "#1"},
				"east": {"uv": [0, 0, 0, 0], "texture": "#1"},
				"south": {"uv": [4.96, 0.96, 7.04, 3.04], "texture": "#1"},
				"west": {"uv": [4.96, 0.96, 7.04, 3.04], "texture": "#1"},
				"up": {"uv": [4.96, 0.96, 7.04, 3.04], "rotation": 180, "texture": "#1"},
				"down": {"uv": [4.96, 0.96, 7.04, 3.04], "rotation": 180, "texture": "#1"}
			}
		},
		{
			"name": "mining_helmet8",
			"from": [2, 10, 0],
			"to": [14, 16, 2],
			"faces": {
				"north": {"uv": [4.96, 0.96, 7.04, 3.04], "texture": "#1"},
				"east": {"uv": [4.96, 0.96, 7.04, 3.04], "texture": "#1"},
				"south": {"uv": [4.96, 0.96, 7.04, 3.04], "texture": "#1"},
				"west": {"uv": [4.96, 0.96, 7.04, 3.04], "texture": "#1"},
				"up": {"uv": [4.96, 0.96, 7.04, 3.04], "rotation": 180, "texture": "#1"},
				"down": {"uv": [4.96, 0.96, 7.04, 3.04], "rotation": 180, "texture": "#1"}
			}
		},
		{
			"name": "mining_helmet11",
			"from": [2, 16, 3],
			"to": [14, 18, 14],
			"faces": {
				"north": {"uv": [4.96, 0.96, 7.04, 3.04], "texture": "#1"},
				"east": {"uv": [4.96, 0.96, 7.04, 3.04], "texture": "#1"},
				"south": {"uv": [4.96, 0.96, 7.04, 3.04], "texture": "#1"},
				"west": {"uv": [4.96, 0.96, 7.04, 3.04], "texture": "#1"},
				"up": {"uv": [4.96, 0.96, 7.04, 3.04], "rotation": 180, "texture": "#1"},
				"down": {"uv": [4.96, 0.96, 7.04, 3.04], "rotation": 180, "texture": "#1"}
			}
		},
		{
			"name": "mining_helmet6",
			"from": [1, 10, 14],
			"to": [15, 14, 16],
			"faces": {
				"north": {"uv": [4.96, 0.96, 7.04, 3.04], "texture": "#1"},
				"east": {"uv": [4.96, 0.96, 7.04, 3.04], "texture": "#1"},
				"south": {"uv": [4.96, 0.96, 7.04, 3.04], "texture": "#1"},
				"west": {"uv": [4.96, 0.96, 7.04, 3.04], "texture": "#1"},
				"up": {"uv": [4.96, 0.96, 7.04, 3.04], "rotation": 180, "texture": "#1"},
				"down": {"uv": [0, 0, 0, 0], "texture": "#1"}
			}
		},
		{
			"name": "mining_helmet12",
			"from": [3, 14, 14],
			"to": [13, 17, 16],
			"faces": {
				"north": {"uv": [4.96, 0.96, 7.04, 3.04], "texture": "#1"},
				"east": {"uv": [4.96, 0.96, 7.04, 3.04], "texture": "#1"},
				"south": {"uv": [4.96, 0.96, 7.04, 3.04], "texture": "#1"},
				"west": {"uv": [4.96, 0.96, 7.04, 3.04], "texture": "#1"},
				"up": {"uv": [4.96, 0.96, 7.04, 3.04], "rotation": 180, "texture": "#1"},
				"down": {"uv": [0, 0, 0, 0], "texture": "#1"}
			}
		},
		{
			"name": "mining_helmet50",
			"from": [-1, 8, 1],
			"to": [17, 10, 16],
			"faces": {
				"north": {"uv": [4.96, 0.96, 7.04, 3.04], "texture": "#1"},
				"east": {"uv": [4.96, 0.96, 7.04, 3.04], "texture": "#1"},
				"south": {"uv": [0, 0, 0, 0], "texture": "#1"},
				"west": {"uv": [4.96, 0.96, 7.04, 3.04], "texture": "#1"},
				"up": {"uv": [4.96, 0.96, 7.04, 3.04], "rotation": 180, "texture": "#1"},
				"down": {"uv": [4.96, 0.96, 7.04, 3.04], "rotation": 180, "texture": "#1"}
			}
		},
		{
			"name": "mining_helmet3",
			"from": [0, 8, 16],
			"to": [16, 10, 17],
			"faces": {
				"north": {"uv": [0, 0, 0, 0], "texture": "#1"},
				"east": {"uv": [4.96, 0.96, 7.04, 3.04], "texture": "#1"},
				"south": {"uv": [4.96, 0.96, 7.04, 3.04], "texture": "#1"},
				"west": {"uv": [4.96, 0.96, 7.04, 3.04], "texture": "#1"},
				"up": {"uv": [4.96, 0.96, 7.04, 3.04], "rotation": 180, "texture": "#1"},
				"down": {"uv": [4.96, 0.96, 7.04, 3.04], "rotation": 180, "texture": "#1"}
			}
		},
		{
			"name": "mining_helmet14",
			"from": [4, 10, -2],
			"to": [12, 11, 0],
			"faces": {
				"north": {"uv": [4.96, 0.96, 7.04, 3.04], "texture": "#1"},
				"east": {"uv": [4.96, 0.96, 7.04, 3.04], "texture": "#1"},
				"south": {"uv": [4.96, 0.96, 7.04, 3.04], "texture": "#1"},
				"west": {"uv": [4.96, 0.96, 7.04, 3.04], "texture": "#1"},
				"up": {"uv": [4.96, 0.96, 7.04, 3.04], "rotation": 180, "texture": "#1"},
				"down": {"uv": [4.96, 0.96, 7.04, 3.04], "rotation": 180, "texture": "#1"}
			}
		},
		{
			"name": "mining_helmet31",
			"from": [6, 11, -2],
			"to": [10, 12, -1],
			"faces": {
				"north": {"uv": [8.96, 0.96, 11.04, 3.04], "texture": "#3"},
				"east": {"uv": [0, 0, 0, 0], "texture": "#3"},
				"south": {"uv": [8.96, 0.96, 11.04, 3.04], "texture": "#3"},
				"west": {"uv": [0, 0, 0, 0], "texture": "#3"},
				"up": {"uv": [8.96, 0.96, 11.04, 3.04], "rotation": 180, "texture": "#3"},
				"down": {"uv": [0, 0, 0, 0], "texture": "#3"}
			}
		},
		{
			"name": "mining_helmet38",
			"from": [5, 12, -2],
			"to": [7, 13, 0],
			"faces": {
				"north": {"uv": [8.96, 0.96, 11.04, 3.04], "texture": "#3"},
				"east": {"uv": [8.96, 0.96, 11.04, 3.04], "texture": "#3"},
				"south": {"uv": [8.96, 0.96, 11.04, 3.04], "texture": "#3"},
				"west": {"uv": [8.96, 0.96, 11.04, 3.04], "texture": "#3"},
				"up": {"uv": [8.96, 0.96, 11.04, 3.04], "rotation": 180, "texture": "#3"},
				"down": {"uv": [8.96, 0.96, 11.04, 3.04], "rotation": 180, "texture": "#3"}
			}
		},
		{
			"name": "mining_helmet39",
			"from": [5, 15, -2],
			"to": [7, 16, 0],
			"faces": {
				"north": {"uv": [8.96, 0.96, 11.04, 3.04], "texture": "#3"},
				"east": {"uv": [8.96, 0.96, 11.04, 3.04], "texture": "#3"},
				"south": {"uv": [8.96, 0.96, 11.04, 3.04], "texture": "#3"},
				"west": {"uv": [8.96, 0.96, 11.04, 3.04], "texture": "#3"},
				"up": {"uv": [8.96, 0.96, 11.04, 3.04], "rotation": 180, "texture": "#3"},
				"down": {"uv": [8.96, 0.96, 11.04, 3.04], "rotation": 180, "texture": "#3"}
			}
		},
		{
			"name": "mining_helmet40",
			"from": [9, 15, -2],
			"to": [11, 16, 0],
			"rotation": {"angle": 0, "axis": "y", "origin": [12, 8, 8]},
			"faces": {
				"north": {"uv": [8.96, 0.96, 11.04, 3.04], "texture": "#3"},
				"east": {"uv": [8.96, 0.96, 11.04, 3.04], "texture": "#3"},
				"south": {"uv": [8.96, 0.96, 11.04, 3.04], "texture": "#3"},
				"west": {"uv": [8.96, 0.96, 11.04, 3.04], "texture": "#3"},
				"up": {"uv": [8.96, 0.96, 11.04, 3.04], "rotation": 180, "texture": "#3"},
				"down": {"uv": [8.96, 0.96, 11.04, 3.04], "rotation": 180, "texture": "#3"}
			}
		},
		{
			"name": "mining_helmet21",
			"from": [10, 13, -2],
			"to": [11, 15, 0],
			"faces": {
				"north": {"uv": [8.96, 0.96, 11.04, 3.04], "texture": "#3"},
				"east": {"uv": [8.96, 0.96, 11.04, 3.04], "texture": "#3"},
				"south": {"uv": [0, 0, 0, 0], "texture": "#3"},
				"west": {"uv": [8.96, 0.96, 11.04, 3.04], "texture": "#3"},
				"up": {"uv": [8.96, 0.96, 11.04, 3.04], "rotation": 180, "texture": "#3"},
				"down": {"uv": [0, 0, 0, 0], "texture": "#3"}
			}
		},
		{
			"name": "mining_helmet27",
			"from": [9, 12, -2],
			"to": [11, 13, 0],
			"faces": {
				"north": {"uv": [8.96, 0.96, 11.04, 3.04], "texture": "#3"},
				"east": {"uv": [0, 0, 0, 0], "texture": "#3"},
				"south": {"uv": [0, 0, 0, 0], "texture": "#3"},
				"west": {"uv": [8.96, 0.96, 11.04, 3.04], "texture": "#3"},
				"up": {"uv": [8.96, 0.96, 11.04, 3.04], "rotation": 180, "texture": "#3"},
				"down": {"uv": [0, 0, 0, 0], "texture": "#3"}
			}
		},
		{
			"name": "mining_helmet29",
			"from": [6, 16, -2],
			"to": [10, 17, 0],
			"faces": {
				"north": {"uv": [8.96, 0.96, 11.04, 3.04], "texture": "#3"},
				"east": {"uv": [8.96, 0.96, 11.04, 3.04], "texture": "#3"},
				"south": {"uv": [8.96, 0.96, 11.04, 3.04], "texture": "#3"},
				"west": {"uv": [8.96, 0.96, 11.04, 3.04], "texture": "#3"},
				"up": {"uv": [8.96, 0.96, 11.04, 3.04], "rotation": 180, "texture": "#3"},
				"down": {"uv": [0, 0, 0, 0], "texture": "#3"}
			}
		},
		{
			"name": "mining_helmet30",
			"from": [6, 13, -5],
			"to": [10, 14, -2],
			"rotation": {"angle": 22.5, "axis": "x", "origin": [8, 5, 5]},
			"faces": {
				"north": {"uv": [8.96, 0.96, 11.04, 3.04], "texture": "#3"},
				"east": {"uv": [8.96, 0.96, 11.04, 3.04], "texture": "#3"},
				"south": {"uv": [8.96, 0.96, 11.04, 3.04], "texture": "#3"},
				"west": {"uv": [8.96, 0.96, 11.04, 3.04], "texture": "#3"},
				"up": {"uv": [8.96, 0.96, 11.04, 3.04], "rotation": 180, "texture": "#3"},
				"down": {"uv": [0, 0, 0, 0], "texture": "#3"}
			}
		},
		{
			"name": "mining_helmet43",
			"from": [5, 13, -2],
			"to": [6, 15, 0],
			"faces": {
				"north": {"uv": [8.96, 0.96, 11.04, 3.04], "texture": "#3"},
				"east": {"uv": [0, 0, 0, 0], "texture": "#3"},
				"south": {"uv": [0, 0, 0, 0], "texture": "#3"},
				"west": {"uv": [8.96, 0.96, 11.04, 3.04], "texture": "#3"},
				"up": {"uv": [8.96, 0.96, 11.04, 3.04], "rotation": 180, "texture": "#3"},
				"down": {"uv": [0, 0, 0, 0], "texture": "#3"}
			}
		},
		{
			"name": "mining_helmet26",
			"from": [6, 12, -1],
			"to": [10, 16, 0],
			"faces": {
				"north": {"uv": [1, 1, 15.079, 15.04], "texture": "#2"},
				"east": {"uv": [0, 0, 0, 0], "texture": "#2"},
				"south": {"uv": [0, 0, 0, 0], "texture": "#2"},
				"west": {"uv": [0, 0, 0, 0], "texture": "#2"},
				"up": {"uv": [0, 0, 0, 0], "texture": "#2"},
				"down": {"uv": [12.96, 0.96, 15.04, 3.04], "rotation": 180, "texture": "#2"}
			}
		}
	],
	"display": {
		"thirdperson_righthand": {
			"rotation": [0, 20, 0],
			"scale": [0.4, 0.4, 0.4]
		},
		"thirdperson_lefthand": {
			"rotation": [0, 20, 0],
			"scale": [0.4, 0.4, 0.4]
		},
		"firstperson_righthand": {
			"rotation": [12, 14, 11],
			"scale": [0.5, 0.5, 0.5]
		},
		"firstperson_lefthand": {
			"rotation": [12, 14, 11],
			"scale": [0.5, 0.5, 0.5]
		},
		"ground": {
			"scale": [0.4, 0.4, 0.4]
		},
		"gui": {
			"rotation": [0, 180, 0],
			"translation": [0, -4.173, 0],
			"scale": [0.8, 0.8, 0.8]
		},
		"head": {
			"translation": [0, 0.6956, -0.7]
		},
		"fixed": {
			"translation": [0, -3.478, 0]
		}
	},
	"groups": [0, 1, 2, 3,
		{
			"name": "linings",
			"origin": [8, 6, 12],
			"children": [4, 5, 6, 7, 8, 9, 10, 11, 12]
		},
		{
			"name": "Hat",
			"origin": [8, 8, 8],
			"children": [13, 14, 15, 16, 17, 18, 19, 20, 21]
		},
		{
			"name": "Lamp_outer",
			"origin": [8, 8, 8],
			"children": [22, 23, 24, 25, 26, 27, 28, 29, 30]
		},
		{
			"name": "Lamp_inner",
			"origin": [8, 8, 8],
			"children": [31]
		}
	]
}